<entities>
  <string>Participant</string>
  <map>
    <entry>
      <string>7571088144</string>
      <string>0000067.xml</string>
    </entry>
    <entry>
      <string>7556477184</string>
      <string>0000192.xml</string>
    </entry>
    <entry>
      <string>7529553529</string>
      <string>0000321.xml</string>
    </entry>
    <entry>
      <string>7528165225</string>
      <string>0000479.xml</string>
    </entry>
    <entry>
      <string>7512902329</string>
      <string>0000312.xml</string>
    </entry>
    <entry>
      <string>7551610000</string>
      <string>0000252.xml</string>
    </entry>
    <entry>
      <string>2005427524</string>
      <string>0000116.xml</string>
    </entry>
    <entry>
      <string>7517757025</string>
      <string>0000441.xml</string>
    </entry>
    <entry>
      <string>7560302500</string>
      <string>0000006.xml</string>
    </entry>
    <entry>
      <string>7515156100</string>
      <string>0000096.xml</string>
    </entry>
    <entry>
      <string>7554738724</string>
      <string>0000369.xml</string>
    </entry>
    <entry>
      <string>7554391056</string>
      <string>0000401.xml</string>
    </entry>
    <entry>
      <string>7571610225</string>
      <string>0000182.xml</string>
    </entry>
    <entry>
      <string>7534413601</string>
      <string>0000026.xml</string>
    </entry>
    <entry>
      <string>7563780900</string>
      <string>0000306.xml</string>
    </entry>
    <entry>
      <string>7091492521</string>
      <string>0000363.xml</string>
    </entry>
    <entry>
      <string>7510302244</string>
      <string>0000027.xml</string>
    </entry>
    <entry>
      <string>7527991696</string>
      <string>0000265.xml</string>
    </entry>
    <entry>
      <string>7561345936</string>
      <string>0000484.xml</string>
    </entry>
    <entry>
      <string>7528685824</string>
      <string>0000400.xml</string>
    </entry>
    <entry>
      <string>7545701956</string>
      <string>0000223.xml</string>
    </entry>
    <entry>
      <string>7553000464</string>
      <string>0000035.xml</string>
    </entry>
    <entry>
      <string>7542748801</string>
      <string>0000071.xml</string>
    </entry>
    <entry>
      <string>7541011921</string>
      <string>0000002.xml</string>
    </entry>
    <entry>
      <string>7520531841</string>
      <string>0000053.xml</string>
    </entry>
    <entry>
      <string>7566738169</string>
      <string>0000017.xml</string>
    </entry>
    <entry>
      <string>7545354496</string>
      <string>0000437.xml</string>
    </entry>
    <entry>
      <string>7523133696</string>
      <string>0000360.xml</string>
    </entry>
    <entry>
      <string>7506316321</string>
      <string>0000167.xml</string>
    </entry>
    <entry>
      <string>7567434081</string>
      <string>0000163.xml</string>
    </entry>
    <entry>
      <string>7562389444</string>
      <string>0000213.xml</string>
    </entry>
    <entry>
      <string>7539622561</string>
      <string>0000124.xml</string>
    </entry>
    <entry>
      <string>7546570641</string>
      <string>0000073.xml</string>
    </entry>
    <entry>
      <string>7573002529</string>
      <string>0000142.xml</string>
    </entry>
    <entry>
      <string>7553869569</string>
      <string>0000356.xml</string>
    </entry>
    <entry>
      <string>7559780809</string>
      <string>0000491.xml</string>
    </entry>
    <entry>
      <string>7520705284</string>
      <string>0000064.xml</string>
    </entry>
    <entry>
      <string>7505449956</string>
      <string>0000260.xml</string>
    </entry>
    <entry>
      <string>7090145209</string>
      <string>0000264.xml</string>
    </entry>
    <entry>
      <string>7554912561</string>
      <string>0000462.xml</string>
    </entry>
    <entry>
      <string>2909631481</string>
      <string>0000389.xml</string>
    </entry>
    <entry>
      <string>1753096900</string>
      <string>0000079.xml</string>
    </entry>
    <entry>
      <string>7529900625</string>
      <string>0000423.xml</string>
    </entry>
    <entry>
      <string>7564650625</string>
      <string>0000081.xml</string>
    </entry>
    <entry>
      <string>7513942489</string>
      <string>0000256.xml</string>
    </entry>
    <entry>
      <string>7524521536</string>
      <string>0000333.xml</string>
    </entry>
    <entry>
      <string>7558041969</string>
      <string>0000052.xml</string>
    </entry>
    <entry>
      <string>7092503089</string>
      <string>0000301.xml</string>
    </entry>
    <entry>
      <string>7564302729</string>
      <string>0000125.xml</string>
    </entry>
    <entry>
      <string>7524001081</string>
      <string>0000295.xml</string>
    </entry>
    <entry>
      <string>7525562500</string>
      <string>0000467.xml</string>
    </entry>
    <entry>
      <string>7569522009</string>
      <string>0000322.xml</string>
    </entry>
    <entry>
      <string>7507356025</string>
      <string>0000466.xml</string>
    </entry>
    <entry>
      <string>7560476401</string>
      <string>0000294.xml</string>
    </entry>
    <entry>
      <string>7515329481</string>
      <string>0000168.xml</string>
    </entry>
    <entry>
      <string>7540664569</string>
      <string>0000402.xml</string>
    </entry>
    <entry>
      <string>1385253961</string>
      <string>0000136.xml</string>
    </entry>
    <entry>
      <string>7552131409</string>
      <string>0000207.xml</string>
    </entry>
    <entry>
      <string>7551957604</string>
      <string>0000424.xml</string>
    </entry>
    <entry>
      <string>7567782049</string>
      <string>0000253.xml</string>
    </entry>
    <entry>
      <string>7573524676</string>
      <string>0000387.xml</string>
    </entry>
    <entry>
      <string>7564998529</string>
      <string>0000183.xml</string>
    </entry>
    <entry>
      <string>7513422400</string>
      <string>0000128.xml</string>
    </entry>
    <entry>
      <string>7563606961</string>
      <string>0000453.xml</string>
    </entry>
    <entry>
      <string>7536149721</string>
      <string>0000393.xml</string>
    </entry>
    <entry>
      <string>7544312164</string>
      <string>0000477.xml</string>
    </entry>
    <entry>
      <string>7574046841</string>
      <string>0000161.xml</string>
    </entry>
    <entry>
      <string>7544659600</string>
      <string>0000210.xml</string>
    </entry>
    <entry>
      <string>7524868516</string>
      <string>0000375.xml</string>
    </entry>
    <entry>
      <string>1852097296</string>
      <string>0000187.xml</string>
    </entry>
    <entry>
      <string>7546049424</string>
      <string>0000143.xml</string>
    </entry>
    <entry>
      <string>7511515561</string>
      <string>0000277.xml</string>
    </entry>
    <entry>
      <string>7562563369</string>
      <string>0000172.xml</string>
    </entry>
    <entry>
      <string>18376513600</string>
      <string>0000083.xml</string>
    </entry>
    <entry>
      <string>7525042009</string>
      <string>0000290.xml</string>
    </entry>
    <entry>
      <string>7574394961</string>
      <string>0000044.xml</string>
    </entry>
    <entry>
      <string>7533024849</string>
      <string>0000379.xml</string>
    </entry>
    <entry>
      <string>7547091876</string>
      <string>0000418.xml</string>
    </entry>
    <entry>
      <string>7562737296</string>
      <string>0000289.xml</string>
    </entry>
    <entry>
      <string>7575091225</string>
      <string>0000137.xml</string>
    </entry>
    <entry>
      <string>1424911504</string>
      <string>0000037.xml</string>
    </entry>
    <entry>
      <string>7573350625</string>
      <string>0000060.xml</string>
    </entry>
    <entry>
      <string>591559684</string>
      <string>0000493.xml</string>
    </entry>
    <entry>
      <string>7087956100</string>
      <string>0000048.xml</string>
    </entry>
    <entry>
      <string>192626641</string>
      <string>0000236.xml</string>
    </entry>
    <entry>
      <string>7538406976</string>
      <string>0000273.xml</string>
    </entry>
    <entry>
      <string>7555781776</string>
      <string>0000262.xml</string>
    </entry>
    <entry>
      <string>7562215521</string>
      <string>0000257.xml</string>
    </entry>
    <entry>
      <string>7512728976</string>
      <string>0000381.xml</string>
    </entry>
    <entry>
      <string>7572306361</string>
      <string>0000154.xml</string>
    </entry>
    <entry>
      <string>7545180769</string>
      <string>0000269.xml</string>
    </entry>
    <entry>
      <string>7548829456</string>
      <string>0000326.xml</string>
    </entry>
    <entry>
      <string>7519491225</string>
      <string>0000158.xml</string>
    </entry>
    <entry>
      <string>7088461249</string>
      <string>0000082.xml</string>
    </entry>
    <entry>
      <string>7089134809</string>
      <string>0000018.xml</string>
    </entry>
    <entry>
      <string>7088798025</string>
      <string>0000070.xml</string>
    </entry>
    <entry>
      <string>7526777049</string>
      <string>0000311.xml</string>
    </entry>
    <entry>
      <string>7573176576</string>
      <string>0000386.xml</string>
    </entry>
    <entry>
      <string>18374886916</string>
      <string>0000078.xml</string>
    </entry>
    <entry>
      <string>7522439824</string>
      <string>0000428.xml</string>
    </entry>
    <entry>
      <string>7525736001</string>
      <string>0000439.xml</string>
    </entry>
    <entry>
      <string>2933305600</string>
      <string>0000166.xml</string>
    </entry>
    <entry>
      <string>7534066401</string>
      <string>0000346.xml</string>
    </entry>
    <entry>
      <string>7530074176</string>
      <string>0000196.xml</string>
    </entry>
    <entry>
      <string>7546223161</string>
      <string>0000405.xml</string>
    </entry>
    <entry>
      <string>7534240000</string>
      <string>0000061.xml</string>
    </entry>
    <entry>
      <string>7515676249</string>
      <string>0000362.xml</string>
    </entry>
    <entry>
      <string>1666027489</string>
      <string>0000076.xml</string>
    </entry>
    <entry>
      <string>7552479025</string>
      <string>0000482.xml</string>
    </entry>
    <entry>
      <string>7514462596</string>
      <string>0000204.xml</string>
    </entry>
    <entry>
      <string>7518797521</string>
      <string>0000355.xml</string>
    </entry>
    <entry>
      <string>16902340081</string>
      <string>0000203.xml</string>
    </entry>
    <entry>
      <string>7519838089</string>
      <string>0000276.xml</string>
    </entry>
    <entry>
      <string>7570566081</string>
      <string>0000399.xml</string>
    </entry>
    <entry>
      <string>7531462656</string>
      <string>0000153.xml</string>
    </entry>
    <entry>
      <string>7568826001</string>
      <string>0000201.xml</string>
    </entry>
    <entry>
      <string>7566564196</string>
      <string>0000310.xml</string>
    </entry>
    <entry>
      <string>7511342224</string>
      <string>0000171.xml</string>
    </entry>
    <entry>
      <string>7542227716</string>
      <string>0000133.xml</string>
    </entry>
    <entry>
      <string>7550914816</string>
      <string>0000030.xml</string>
    </entry>
    <entry>
      <string>7554217225</string>
      <string>0000146.xml</string>
    </entry>
    <entry>
      <string>685863721</string>
      <string>0000141.xml</string>
    </entry>
    <entry>
      <string>7505796496</string>
      <string>0000429.xml</string>
    </entry>
    <entry>
      <string>7521399076</string>
      <string>0000114.xml</string>
    </entry>
    <entry>
      <string>7531115524</string>
      <string>0000014.xml</string>
    </entry>
    <entry>
      <string>7510475569</string>
      <string>0000173.xml</string>
    </entry>
    <entry>
      <string>7540838244</string>
      <string>0000283.xml</string>
    </entry>
    <entry>
      <string>7544138449</string>
      <string>0000398.xml</string>
    </entry>
    <entry>
      <string>7517236804</string>
      <string>0000433.xml</string>
    </entry>
    <entry>
      <string>7092671524</string>
      <string>0000038.xml</string>
    </entry>
    <entry>
      <string>7088292864</string>
      <string>0000245.xml</string>
    </entry>
    <entry>
      <string>7557520356</string>
      <string>0000472.xml</string>
    </entry>
    <entry>
      <string>7536323344</string>
      <string>0000361.xml</string>
    </entry>
    <entry>
      <string>7543617316</string>
      <string>0000469.xml</string>
    </entry>
    <entry>
      <string>7537538761</string>
      <string>0000302.xml</string>
    </entry>
    <entry>
      <string>7567608064</string>
      <string>0000474.xml</string>
    </entry>
    <entry>
      <string>7091324100</string>
      <string>0000230.xml</string>
    </entry>
    <entry>
      <string>7556129476</string>
      <string>0000011.xml</string>
    </entry>
    <entry>
      <string>7560824209</string>
      <string>0000221.xml</string>
    </entry>
    <entry>
      <string>7561172025</string>
      <string>0000332.xml</string>
    </entry>
    <entry>
      <string>18376242481</string>
      <string>0000376.xml</string>
    </entry>
    <entry>
      <string>7522613289</string>
      <string>0000205.xml</string>
    </entry>
    <entry>
      <string>267813225</string>
      <string>0000481.xml</string>
    </entry>
    <entry>
      <string>7535455249</string>
      <string>0000419.xml</string>
    </entry>
    <entry>
      <string>7531983369</string>
      <string>0000395.xml</string>
    </entry>
    <entry>
      <string>7548655689</string>
      <string>0000118.xml</string>
    </entry>
    <entry>
      <string>7527471121</string>
      <string>0000354.xml</string>
    </entry>
    <entry>
      <string>7568478009</string>
      <string>0000164.xml</string>
    </entry>
    <entry>
      <string>7526603536</string>
      <string>0000159.xml</string>
    </entry>
    <entry>
      <string>7536670596</string>
      <string>0000214.xml</string>
    </entry>
    <entry>
      <string>7509089025</string>
      <string>0000188.xml</string>
    </entry>
    <entry>
      <string>7538927929</string>
      <string>0000013.xml</string>
    </entry>
    <entry>
      <string>7535108025</string>
      <string>0000473.xml</string>
    </entry>
    <entry>
      <string>7516890000</string>
      <string>0000463.xml</string>
    </entry>
    <entry>
      <string>7089303204</string>
      <string>0000057.xml</string>
    </entry>
    <entry>
      <string>7574743089</string>
      <string>0000282.xml</string>
    </entry>
    <entry>
      <string>7531289089</string>
      <string>0000328.xml</string>
    </entry>
    <entry>
      <string>7536496969</string>
      <string>0000181.xml</string>
    </entry>
    <entry>
      <string>7507182736</string>
      <string>0000131.xml</string>
    </entry>
    <entry>
      <string>2699322025</string>
      <string>0000430.xml</string>
    </entry>
    <entry>
      <string>7511688900</string>
      <string>0000420.xml</string>
    </entry>
    <entry>
      <string>7531636225</string>
      <string>0000072.xml</string>
    </entry>
    <entry>
      <string>7560128601</string>
      <string>0000193.xml</string>
    </entry>
    <entry>
      <string>7553174281</string>
      <string>0000347.xml</string>
    </entry>
    <entry>
      <string>7508569104</string>
      <string>0000341.xml</string>
    </entry>
    <entry>
      <string>7531809796</string>
      <string>0000101.xml</string>
    </entry>
    <entry>
      <string>7546918129</string>
      <string>0000225.xml</string>
    </entry>
    <entry>
      <string>7508395801</string>
      <string>0000033.xml</string>
    </entry>
    <entry>
      <string>2569476100</string>
      <string>0000093.xml</string>
    </entry>
    <entry>
      <string>7563085156</string>
      <string>0000304.xml</string>
    </entry>
    <entry>
      <string>7544833321</string>
      <string>0000235.xml</string>
    </entry>
    <entry>
      <string>7512208929</string>
      <string>0000229.xml</string>
    </entry>
    <entry>
      <string>7514982721</string>
      <string>0000365.xml</string>
    </entry>
    <entry>
      <string>7510128921</string>
      <string>0000144.xml</string>
    </entry>
    <entry>
      <string>7533719209</string>
      <string>0000197.xml</string>
    </entry>
    <entry>
      <string>7533545616</string>
      <string>0000315.xml</string>
    </entry>
    <entry>
      <string>7513769124</string>
      <string>0000323.xml</string>
    </entry>
    <entry>
      <string>7543269904</string>
      <string>0000409.xml</string>
    </entry>
    <entry>
      <string>7543096201</string>
      <string>0000022.xml</string>
    </entry>
    <entry>
      <string>7559606916</string>
      <string>0000425.xml</string>
    </entry>
    <entry>
      <string>1753013161</string>
      <string>0000179.xml</string>
    </entry>
    <entry>
      <string>7573872784</string>
      <string>0000483.xml</string>
    </entry>
    <entry>
      <string>7507529316</string>
      <string>0000248.xml</string>
    </entry>
    <entry>
      <string>17296195225</string>
      <string>0000119.xml</string>
    </entry>
    <entry>
      <string>7542575104</string>
      <string>0000130.xml</string>
    </entry>
    <entry>
      <string>7571262169</string>
      <string>0000254.xml</string>
    </entry>
    <entry>
      <string>7560650304</string>
      <string>0000470.xml</string>
    </entry>
    <entry>
      <string>7533198436</string>
      <string>0000218.xml</string>
    </entry>
    <entry>
      <string>7530247729</string>
      <string>0000266.xml</string>
    </entry>
    <entry>
      <string>7508222500</string>
      <string>0000366.xml</string>
    </entry>
    <entry>
      <string>7509608964</string>
      <string>0000059.xml</string>
    </entry>
    <entry>
      <string>7092166225</string>
      <string>0000208.xml</string>
    </entry>
    <entry>
      <string>7545875689</string>
      <string>0000331.xml</string>
    </entry>
    <entry>
      <string>7548134400</string>
      <string>0000104.xml</string>
    </entry>
    <entry>
      <string>2281495225</string>
      <string>0000303.xml</string>
    </entry>
    <entry>
      <string>7525389001</string>
      <string>0000198.xml</string>
    </entry>
    <entry>
      <string>7523654121</string>
      <string>0000334.xml</string>
    </entry>
    <entry>
      <string>7519317796</string>
      <string>0000452.xml</string>
    </entry>
    <entry>
      <string>7542922500</string>
      <string>0000422.xml</string>
    </entry>
    <entry>
      <string>7509262336</string>
      <string>0000174.xml</string>
    </entry>
    <entry>
      <string>7518624100</string>
      <string>0000454.xml</string>
    </entry>
    <entry>
      <string>7550045881</string>
      <string>0000444.xml</string>
    </entry>
    <entry>
      <string>7528512289</string>
      <string>0000157.xml</string>
    </entry>
    <entry>
      <string>7089640000</string>
      <string>0000135.xml</string>
    </entry>
    <entry>
      <string>17488740025</string>
      <string>0000025.xml</string>
    </entry>
    <entry>
      <string>7091155681</string>
      <string>0000278.xml</string>
    </entry>
    <entry>
      <string>7547786884</string>
      <string>0000029.xml</string>
    </entry>
    <entry>
      <string>7519664656</string>
      <string>0000263.xml</string>
    </entry>
    <entry>
      <string>7556303329</string>
      <string>0000488.xml</string>
    </entry>
    <entry>
      <string>17990052129</string>
      <string>0000330.xml</string>
    </entry>
    <entry>
      <string>7090987264</string>
      <string>0000023.xml</string>
    </entry>
    <entry>
      <string>7556998761</string>
      <string>0000374.xml</string>
    </entry>
    <entry>
      <string>7554043396</string>
      <string>0000108.xml</string>
    </entry>
    <entry>
      <string>7507702609</string>
      <string>0000414.xml</string>
    </entry>
    <entry>
      <string>7540490896</string>
      <string>0000377.xml</string>
    </entry>
    <entry>
      <string>7535281636</string>
      <string>0000031.xml</string>
    </entry>
    <entry>
      <string>7512035584</string>
      <string>0000039.xml</string>
    </entry>
    <entry>
      <string>7510995556</string>
      <string>0000020.xml</string>
    </entry>
    <entry>
      <string>7547613129</string>
      <string>0000285.xml</string>
    </entry>
    <entry>
      <string>7089976804</string>
      <string>0000199.xml</string>
    </entry>
    <entry>
      <string>7527124081</string>
      <string>0000177.xml</string>
    </entry>
    <entry>
      <string>7549003225</string>
      <string>0000184.xml</string>
    </entry>
    <entry>
      <string>7528338756</string>
      <string>0000314.xml</string>
    </entry>
    <entry>
      <string>7532330521</string>
      <string>0000034.xml</string>
    </entry>
    <entry>
      <string>7550393449</string>
      <string>0000098.xml</string>
    </entry>
    <entry>
      <string>7534760809</string>
      <string>0000241.xml</string>
    </entry>
    <entry>
      <string>7509782281</string>
      <string>0000299.xml</string>
    </entry>
    <entry>
      <string>7514809344</string>
      <string>0000103.xml</string>
    </entry>
    <entry>
      <string>7090482025</string>
      <string>0000435.xml</string>
    </entry>
    <entry>
      <string>7505276689</string>
      <string>0000329.xml</string>
    </entry>
    <entry>
      <string>7539448900</string>
      <string>0000251.xml</string>
    </entry>
    <entry>
      <string>1284003889</string>
      <string>0000094.xml</string>
    </entry>
    <entry>
      <string>7566216256</string>
      <string>0000397.xml</string>
    </entry>
    <entry>
      <string>7524695025</string>
      <string>0000019.xml</string>
    </entry>
    <entry>
      <string>7561867681</string>
      <string>0000132.xml</string>
    </entry>
    <entry>
      <string>7575265296</string>
      <string>0000449.xml</string>
    </entry>
    <entry>
      <string>7569000000</string>
      <string>0000016.xml</string>
    </entry>
    <entry>
      <string>7516023025</string>
      <string>0000047.xml</string>
    </entry>
    <entry>
      <string>7512555625</string>
      <string>0000411.xml</string>
    </entry>
    <entry>
      <string>7550567236</string>
      <string>0000415.xml</string>
    </entry>
    <entry>
      <string>7548308161</string>
      <string>0000120.xml</string>
    </entry>
    <entry>
      <string>17489533504</string>
      <string>0000492.xml</string>
    </entry>
    <entry>
      <string>7516196416</string>
      <string>0000458.xml</string>
    </entry>
    <entry>
      <string>1176901636</string>
      <string>0000139.xml</string>
    </entry>
    <entry>
      <string>7533892804</string>
      <string>0000226.xml</string>
    </entry>
    <entry>
      <string>17239164804</string>
      <string>0000432.xml</string>
    </entry>
    <entry>
      <string>15507969961</string>
      <string>0000383.xml</string>
    </entry>
    <entry>
      <string>7557172624</string>
      <string>0000219.xml</string>
    </entry>
    <entry>
      <string>7557694225</string>
      <string>0000087.xml</string>
    </entry>
    <entry>
      <string>7090313616</string>
      <string>0000249.xml</string>
    </entry>
    <entry>
      <string>7552305216</string>
      <string>0000105.xml</string>
    </entry>
    <entry>
      <string>3418273156</string>
      <string>0000385.xml</string>
    </entry>
    <entry>
      <string>7568304016</string>
      <string>0000459.xml</string>
    </entry>
    <entry>
      <string>7505103424</string>
      <string>0000445.xml</string>
    </entry>
    <entry>
      <string>7558737481</string>
      <string>0000005.xml</string>
    </entry>
    <entry>
      <string>2485221904</string>
      <string>0000211.xml</string>
    </entry>
    <entry>
      <string>7516369809</string>
      <string>0000152.xml</string>
    </entry>
    <entry>
      <string>7535802481</string>
      <string>0000075.xml</string>
    </entry>
    <entry>
      <string>7506836164</string>
      <string>0000293.xml</string>
    </entry>
    <entry>
      <string>7091660944</string>
      <string>0000392.xml</string>
    </entry>
    <entry>
      <string>7523480644</string>
      <string>0000215.xml</string>
    </entry>
    <entry>
      <string>7555260241</string>
      <string>0000003.xml</string>
    </entry>
    <entry>
      <string>7518450681</string>
      <string>0000244.xml</string>
    </entry>
    <entry>
      <string>7529727076</string>
      <string>0000127.xml</string>
    </entry>
    <entry>
      <string>7088124481</string>
      <string>0000015.xml</string>
    </entry>
    <entry>
      <string>7526950564</string>
      <string>0000195.xml</string>
    </entry>
    <entry>
      <string>7521052176</string>
      <string>0000318.xml</string>
    </entry>
    <entry>
      <string>15965838736</string>
      <string>0000162.xml</string>
    </entry>
    <entry>
      <string>7559954704</string>
      <string>0000351.xml</string>
    </entry>
    <entry>
      <string>640596100</string>
      <string>0000054.xml</string>
    </entry>
    <entry>
      <string>7570914121</string>
      <string>0000092.xml</string>
    </entry>
    <entry>
      <string>7545528225</string>
      <string>0000338.xml</string>
    </entry>
    <entry>
      <string>7520184961</string>
      <string>0000042.xml</string>
    </entry>
    <entry>
      <string>7518103849</string>
      <string>0000206.xml</string>
    </entry>
    <entry>
      <string>7520358400</string>
      <string>0000258.xml</string>
    </entry>
    <entry>
      <string>7559259136</string>
      <string>0000448.xml</string>
    </entry>
    <entry>
      <string>1487799184</string>
      <string>0000250.xml</string>
    </entry>
    <entry>
      <string>7509435649</string>
      <string>0000121.xml</string>
    </entry>
    <entry>
      <string>7565694361</string>
      <string>0000190.xml</string>
    </entry>
    <entry>
      <string>7563259089</string>
      <string>0000371.xml</string>
    </entry>
    <entry>
      <string>7555955625</string>
      <string>0000391.xml</string>
    </entry>
    <entry>
      <string>7508742409</string>
      <string>0000068.xml</string>
    </entry>
    <entry>
      <string>267780496</string>
      <string>0000122.xml</string>
    </entry>
    <entry>
      <string>7541532964</string>
      <string>0000024.xml</string>
    </entry>
    <entry>
      <string>7506489600</string>
      <string>0000165.xml</string>
    </entry>
    <entry>
      <string>192598884</string>
      <string>0000337.xml</string>
    </entry>
    <entry>
      <string>7545007044</string>
      <string>0000217.xml</string>
    </entry>
    <entry>
      <string>7549872100</string>
      <string>0000234.xml</string>
    </entry>
    <entry>
      <string>7551783801</string>
      <string>0000074.xml</string>
    </entry>
    <entry>
      <string>7537191489</string>
      <string>0000191.xml</string>
    </entry>
    <entry>
      <string>7565520400</string>
      <string>0000320.xml</string>
    </entry>
    <entry>
      <string>7505623225</string>
      <string>0000186.xml</string>
    </entry>
    <entry>
      <string>7515849636</string>
      <string>0000107.xml</string>
    </entry>
    <entry>
      <string>7551436201</string>
      <string>0000063.xml</string>
    </entry>
    <entry>
      <string>7562911225</string>
      <string>0000145.xml</string>
    </entry>
    <entry>
      <string>7569696016</string>
      <string>0000476.xml</string>
    </entry>
    <entry>
      <string>7515502864</string>
      <string>0000461.xml</string>
    </entry>
    <entry>
      <string>7571436196</string>
      <string>0000099.xml</string>
    </entry>
    <entry>
      <string>7534587204</string>
      <string>0000313.xml</string>
    </entry>
    <entry>
      <string>7514115856</string>
      <string>0000176.xml</string>
    </entry>
    <entry>
      <string>7538580625</string>
      <string>0000434.xml</string>
    </entry>
    <entry>
      <string>7539275241</string>
      <string>0000209.xml</string>
    </entry>
    <entry>
      <string>7524348049</string>
      <string>0000359.xml</string>
    </entry>
    <entry>
      <string>7512382276</string>
      <string>0000058.xml</string>
    </entry>
    <entry>
      <string>7544485881</string>
      <string>0000305.xml</string>
    </entry>
    <entry>
      <string>7568130025</string>
      <string>0000327.xml</string>
    </entry>
    <entry>
      <string>7525215504</string>
      <string>0000088.xml</string>
    </entry>
    <entry>
      <string>7549350769</string>
      <string>0000317.xml</string>
    </entry>
    <entry>
      <string>7511168889</string>
      <string>0000457.xml</string>
    </entry>
    <entry>
      <string>17296721289</string>
      <string>0000298.xml</string>
    </entry>
    <entry>
      <string>7536844225</string>
      <string>0000394.xml</string>
    </entry>
    <entry>
      <string>7535976100</string>
      <string>0000041.xml</string>
    </entry>
    <entry>
      <string>7556824900</string>
      <string>0000224.xml</string>
    </entry>
    <entry>
      <string>7564476676</string>
      <string>0000140.xml</string>
    </entry>
    <entry>
      <string>7534934416</string>
      <string>0000178.xml</string>
    </entry>
    <entry>
      <string>7557868096</string>
      <string>0000335.xml</string>
    </entry>
    <entry>
      <string>7525909504</string>
      <string>0000358.xml</string>
    </entry>
    <entry>
      <string>7543964736</string>
      <string>0000008.xml</string>
    </entry>
    <entry>
      <string>7539969889</string>
      <string>0000065.xml</string>
    </entry>
    <entry>
      <string>7565172484</string>
      <string>0000091.xml</string>
    </entry>
    <entry>
      <string>7539796224</string>
      <string>0000043.xml</string>
    </entry>
    <entry>
      <string>7563954841</string>
      <string>0000288.xml</string>
    </entry>
    <entry>
      <string>18369736225</string>
      <string>0000431.xml</string>
    </entry>
    <entry>
      <string>7533372025</string>
      <string>0000350.xml</string>
    </entry>
    <entry>
      <string>2680443529</string>
      <string>0000451.xml</string>
    </entry>
    <entry>
      <string>604668100</string>
      <string>0000410.xml</string>
    </entry>
    <entry>
      <string>7558215844</string>
      <string>0000417.xml</string>
    </entry>
    <entry>
      <string>7570218049</string>
      <string>0000364.xml</string>
    </entry>
    <entry>
      <string>7532677681</string>
      <string>0000384.xml</string>
    </entry>
    <entry>
      <string>7555434084</string>
      <string>0000442.xml</string>
    </entry>
    <entry>
      <string>7552652836</string>
      <string>0000109.xml</string>
    </entry>
    <entry>
      <string>7538233329</string>
      <string>0000475.xml</string>
    </entry>
    <entry>
      <string>7570740100</string>
      <string>0000480.xml</string>
    </entry>
    <entry>
      <string>7546396900</string>
      <string>0000460.xml</string>
    </entry>
    <entry>
      <string>7572480400</string>
      <string>0000126.xml</string>
    </entry>
    <entry>
      <string>7517063401</string>
      <string>0000243.xml</string>
    </entry>
    <entry>
      <string>7528859361</string>
      <string>0000194.xml</string>
    </entry>
    <entry>
      <string>7527297600</string>
      <string>0000281.xml</string>
    </entry>
    <entry>
      <string>7508915716</string>
      <string>0000084.xml</string>
    </entry>
    <entry>
      <string>7542401409</string>
      <string>0000239.xml</string>
    </entry>
    <entry>
      <string>3104384089</string>
      <string>0000216.xml</string>
    </entry>
    <entry>
      <string>7506143044</string>
      <string>0000246.xml</string>
    </entry>
    <entry>
      <string>7529206441</string>
      <string>0000339.xml</string>
    </entry>
    <entry>
      <string>7540317225</string>
      <string>0000228.xml</string>
    </entry>
    <entry>
      <string>7513249041</string>
      <string>0000292.xml</string>
    </entry>
    <entry>
      <string>7541880336</string>
      <string>0000287.xml</string>
    </entry>
    <entry>
      <string>7522960225</string>
      <string>0000396.xml</string>
    </entry>
    <entry>
      <string>7564824576</string>
      <string>0000175.xml</string>
    </entry>
    <entry>
      <string>7530594841</string>
      <string>0000490.xml</string>
    </entry>
    <entry>
      <string>7507009449</string>
      <string>0000102.xml</string>
    </entry>
    <entry>
      <string>7527818169</string>
      <string>0000297.xml</string>
    </entry>
    <entry>
      <string>7567956036</string>
      <string>0000112.xml</string>
    </entry>
    <entry>
      <string>7517930436</string>
      <string>0000148.xml</string>
    </entry>
    <entry>
      <string>7567260100</string>
      <string>0000080.xml</string>
    </entry>
    <entry>
      <string>7574220900</string>
      <string>0000345.xml</string>
    </entry>
    <entry>
      <string>7566042289</string>
      <string>0000113.xml</string>
    </entry>
    <entry>
      <string>7090650436</string>
      <string>0000275.xml</string>
    </entry>
    <entry>
      <string>7555086400</string>
      <string>0000156.xml</string>
    </entry>
    <entry>
      <string>7507875904</string>
      <string>0000147.xml</string>
    </entry>
    <entry>
      <string>10024414884</string>
      <string>0000004.xml</string>
    </entry>
    <entry>
      <string>17292513001</string>
      <string>0000242.xml</string>
    </entry>
    <entry>
      <string>17489269009</string>
      <string>0000404.xml</string>
    </entry>
    <entry>
      <string>18377598096</string>
      <string>0000051.xml</string>
    </entry>
    <entry>
      <string>7520011524</string>
      <string>0000308.xml</string>
    </entry>
    <entry>
      <string>7526256516</string>
      <string>0000438.xml</string>
    </entry>
    <entry>
      <string>7521225625</string>
      <string>0000403.xml</string>
    </entry>
    <entry>
      <string>7504930161</string>
      <string>0000185.xml</string>
    </entry>
    <entry>
      <string>7549176996</string>
      <string>0000471.xml</string>
    </entry>
    <entry>
      <string>7554564889</string>
      <string>0000100.xml</string>
    </entry>
    <entry>
      <string>7572828484</string>
      <string>0000240.xml</string>
    </entry>
    <entry>
      <string>7541185600</string>
      <string>0000160.xml</string>
    </entry>
    <entry>
      <string>7552826649</string>
      <string>0000456.xml</string>
    </entry>
    <entry>
      <string>7568652004</string>
      <string>0000344.xml</string>
    </entry>
    <entry>
      <string>7553348100</string>
      <string>0000373.xml</string>
    </entry>
    <entry>
      <string>7553695744</string>
      <string>0000227.xml</string>
    </entry>
    <entry>
      <string>7547439376</string>
      <string>0000440.xml</string>
    </entry>
    <entry>
      <string>7559085249</string>
      <string>0000416.xml</string>
    </entry>
    <entry>
      <string>7087787721</string>
      <string>0000255.xml</string>
    </entry>
    <entry>
      <string>7537886041</string>
      <string>0000155.xml</string>
    </entry>
    <entry>
      <string>1202494329</string>
      <string>0000069.xml</string>
    </entry>
    <entry>
      <string>7090818849</string>
      <string>0000097.xml</string>
    </entry>
    <entry>
      <string>7520878729</string>
      <string>0000380.xml</string>
    </entry>
    <entry>
      <string>7538754276</string>
      <string>0000325.xml</string>
    </entry>
    <entry>
      <string>1109023204</string>
      <string>0000390.xml</string>
    </entry>
    <entry>
      <string>7543791025</string>
      <string>0000202.xml</string>
    </entry>
    <entry>
      <string>7532504100</string>
      <string>0000062.xml</string>
    </entry>
    <entry>
      <string>7558911364</string>
      <string>0000077.xml</string>
    </entry>
    <entry>
      <string>7522092900</string>
      <string>0000169.xml</string>
    </entry>
    <entry>
      <string>7566912144</string>
      <string>0000200.xml</string>
    </entry>
    <entry>
      <string>7516543204</string>
      <string>0000049.xml</string>
    </entry>
    <entry>
      <string>7551088609</string>
      <string>0000447.xml</string>
    </entry>
    <entry>
      <string>7541359281</string>
      <string>0000036.xml</string>
    </entry>
    <entry>
      <string>7517583616</string>
      <string>0000274.xml</string>
    </entry>
    <entry>
      <string>7092839961</string>
      <string>0000421.xml</string>
    </entry>
    <entry>
      <string>7091997796</string>
      <string>0000487.xml</string>
    </entry>
    <entry>
      <string>7565346441</string>
      <string>0000268.xml</string>
    </entry>
    <entry>
      <string>1188249841</string>
      <string>0000357.xml</string>
    </entry>
    <entry>
      <string>7521919441</string>
      <string>0000324.xml</string>
    </entry>
    <entry>
      <string>7524174564</string>
      <string>0000012.xml</string>
    </entry>
    <entry>
      <string>7559433025</string>
      <string>0000261.xml</string>
    </entry>
    <entry>
      <string>7537365124</string>
      <string>0000001.xml</string>
    </entry>
    <entry>
      <string>7549524544</string>
      <string>0000446.xml</string>
    </entry>
    <entry>
      <string>7569174001</string>
      <string>0000436.xml</string>
    </entry>
    <entry>
      <string>7561519849</string>
      <string>0000170.xml</string>
    </entry>
    <entry>
      <string>7504756900</string>
      <string>0000123.xml</string>
    </entry>
    <entry>
      <string>7569870025</string>
      <string>0000110.xml</string>
    </entry>
    <entry>
      <string>7573698729</string>
      <string>0000117.xml</string>
    </entry>
    <entry>
      <string>7567086121</string>
      <string>0000032.xml</string>
    </entry>
    <entry>
      <string>7551262404</string>
      <string>0000267.xml</string>
    </entry>
    <entry>
      <string>7572132324</string>
      <string>0000189.xml</string>
    </entry>
    <entry>
      <string>7513595761</string>
      <string>0000485.xml</string>
    </entry>
    <entry>
      <string>7547960641</string>
      <string>0000340.xml</string>
    </entry>
    <entry>
      <string>7546744384</string>
      <string>0000279.xml</string>
    </entry>
    <entry>
      <string>7555607929</string>
      <string>0000382.xml</string>
    </entry>
    <entry>
      <string>7506662881</string>
      <string>0000089.xml</string>
    </entry>
    <entry>
      <string>7092334656</string>
      <string>0000045.xml</string>
    </entry>
    <entry>
      <string>7550741025</string>
      <string>0000095.xml</string>
    </entry>
    <entry>
      <string>7562041600</string>
      <string>0000368.xml</string>
    </entry>
    <entry>
      <string>7570392064</string>
      <string>0000028.xml</string>
    </entry>
    <entry>
      <string>7548481924</string>
      <string>0000138.xml</string>
    </entry>
    <entry>
      <string>7508049201</string>
      <string>0000066.xml</string>
    </entry>
    <entry>
      <string>7516716601</string>
      <string>0000296.xml</string>
    </entry>
    <entry>
      <string>7521745984</string>
      <string>0000307.xml</string>
    </entry>
    <entry>
      <string>2046295696</string>
      <string>0000348.xml</string>
    </entry>
    <entry>
      <string>7509955600</string>
      <string>0000050.xml</string>
    </entry>
    <entry>
      <string>7088966416</string>
      <string>0000316.xml</string>
    </entry>
    <entry>
      <string>7088629636</string>
      <string>0000378.xml</string>
    </entry>
    <entry>
      <string>7537712400</string>
      <string>0000465.xml</string>
    </entry>
    <entry>
      <string>7532851264</string>
      <string>0000372.xml</string>
    </entry>
    <entry>
      <string>7532156944</string>
      <string>0000086.xml</string>
    </entry>
    <entry>
      <string>7541706649</string>
      <string>0000222.xml</string>
    </entry>
    <entry>
      <string>7522786756</string>
      <string>0000486.xml</string>
    </entry>
    <entry>
      <string>7505969769</string>
      <string>0000286.xml</string>
    </entry>
    <entry>
      <string>7529032900</string>
      <string>0000272.xml</string>
    </entry>
    <entry>
      <string>7529379984</string>
      <string>0000247.xml</string>
    </entry>
    <entry>
      <string>7574569024</string>
      <string>0000111.xml</string>
    </entry>
    <entry>
      <string>7574917156</string>
      <string>0000284.xml</string>
    </entry>
    <entry>
      <string>1124260900</string>
      <string>0000010.xml</string>
    </entry>
    <entry>
      <string>7563433024</string>
      <string>0000464.xml</string>
    </entry>
    <entry>
      <string>7560998116</string>
      <string>0000150.xml</string>
    </entry>
    <entry>
      <string>7089471601</string>
      <string>0000336.xml</string>
    </entry>
    <entry>
      <string>7511862241</string>
      <string>0000106.xml</string>
    </entry>
    <entry>
      <string>2477749729</string>
      <string>0000352.xml</string>
    </entry>
    <entry>
      <string>7504583641</string>
      <string>0000009.xml</string>
    </entry>
    <entry>
      <string>7519144369</string>
      <string>0000212.xml</string>
    </entry>
    <entry>
      <string>7514635969</string>
      <string>0000413.xml</string>
    </entry>
    <entry>
      <string>7091829369</string>
      <string>0000115.xml</string>
    </entry>
    <entry>
      <string>7530941961</string>
      <string>0000450.xml</string>
    </entry>
    <entry>
      <string>7564128784</string>
      <string>0000232.xml</string>
    </entry>
    <entry>
      <string>7557346489</string>
      <string>0000443.xml</string>
    </entry>
    <entry>
      <string>7514289225</string>
      <string>0000151.xml</string>
    </entry>
    <entry>
      <string>7527644644</string>
      <string>0000370.xml</string>
    </entry>
    <entry>
      <string>7571958289</string>
      <string>0000090.xml</string>
    </entry>
    <entry>
      <string>7523307169</string>
      <string>0000021.xml</string>
    </entry>
    <entry>
      <string>7550219664</string>
      <string>0000180.xml</string>
    </entry>
    <entry>
      <string>176730436</string>
      <string>0000270.xml</string>
    </entry>
    <entry>
      <string>7518970944</string>
      <string>0000237.xml</string>
    </entry>
    <entry>
      <string>7530768400</string>
      <string>0000427.xml</string>
    </entry>
    <entry>
      <string>7089808401</string>
      <string>0000388.xml</string>
    </entry>
    <entry>
      <string>7537017856</string>
      <string>0000220.xml</string>
    </entry>
    <entry>
      <string>7543443609</string>
      <string>0000291.xml</string>
    </entry>
    <entry>
      <string>7571784256</string>
      <string>0000300.xml</string>
    </entry>
    <entry>
      <string>7549698321</string>
      <string>0000149.xml</string>
    </entry>
    <entry>
      <string>7517410209</string>
      <string>0000134.xml</string>
    </entry>
    <entry>
      <string>7521572529</string>
      <string>0000046.xml</string>
    </entry>
    <entry>
      <string>7522266361</string>
      <string>0000085.xml</string>
    </entry>
    <entry>
      <string>7558389721</string>
      <string>0000353.xml</string>
    </entry>
    <entry>
      <string>7570044036</string>
      <string>0000056.xml</string>
    </entry>
    <entry>
      <string>7093176841</string>
      <string>0000367.xml</string>
    </entry>
    <entry>
      <string>7561693764</string>
      <string>0000494.xml</string>
    </entry>
    <entry>
      <string>7523827600</string>
      <string>0000406.xml</string>
    </entry>
    <entry>
      <string>7538059684</string>
      <string>0000271.xml</string>
    </entry>
    <entry>
      <string>7539101584</string>
      <string>0000342.xml</string>
    </entry>
    <entry>
      <string>7530421284</string>
      <string>0000478.xml</string>
    </entry>
    <entry>
      <string>7510822225</string>
      <string>0000259.xml</string>
    </entry>
    <entry>
      <string>7518277264</string>
      <string>0000407.xml</string>
    </entry>
    <entry>
      <string>7553521921</string>
      <string>0000489.xml</string>
    </entry>
    <entry>
      <string>7565868324</string>
      <string>0000412.xml</string>
    </entry>
    <entry>
      <string>7540143556</string>
      <string>0000468.xml</string>
    </entry>
    <entry>
      <string>4861575625</string>
      <string>0000233.xml</string>
    </entry>
    <entry>
      <string>7526430025</string>
      <string>0000426.xml</string>
    </entry>
    <entry>
      <string>7547265625</string>
      <string>0000309.xml</string>
    </entry>
    <entry>
      <string>7572654441</string>
      <string>0000349.xml</string>
    </entry>
    <entry>
      <string>7510648896</string>
      <string>0000280.xml</string>
    </entry>
    <entry>
      <string>7558563600</string>
      <string>0000055.xml</string>
    </entry>
    <entry>
      <string>7556651041</string>
      <string>0000343.xml</string>
    </entry>
    <entry>
      <string>7566390225</string>
      <string>0000231.xml</string>
    </entry>
    <entry>
      <string>7542054025</string>
      <string>0000319.xml</string>
    </entry>
    <entry>
      <string>7569348004</string>
      <string>0000238.xml</string>
    </entry>
    <entry>
      <string>7513075684</string>
      <string>0000408.xml</string>
    </entry>
    <entry>
      <string>7535628864</string>
      <string>0000040.xml</string>
    </entry>
    <entry>
      <string>7526083009</string>
      <string>0000455.xml</string>
    </entry>
    <entry>
      <string>15966344164</string>
      <string>0000129.xml</string>
    </entry>
    <entry>
      <string>1517336209</string>
      <string>0000007.xml</string>
    </entry>
  </map>
</entities>