<variables>
  <variable name="DonorCode" valueType="text" entityType="Participant" index="0"/>
  <variable name="SMK4A21" valueType="text" entityType="Participant" index="0"/>
  <variable name="SMK4A1" valueType="text" entityType="Participant" index="0"/>
  <variable name="SMK31" valueType="text" entityType="Participant" index="0"/>
  <variable name="SMK11" valueType="text" entityType="Participant" index="0"/>
  <variable name="DBPa" valueType="text" entityType="Participant" index="0"/>
  <variable name="HEALTH17D1" valueType="text" entityType="Participant" index="0"/>
  <variable name="HEALTH17B1" valueType="text" entityType="Participant" index="0"/>
  <variable name="HEALTH17A1" valueType="text" entityType="Participant" index="0"/>
  <variable name="LENGTE" valueType="text" entityType="Participant" index="0"/>
  <variable name="GEWICHT" valueType="text" entityType="Participant" index="0"/>
  <variable name="BiobankID" valueType="text" entityType="Participant" index="0"/>
  <variable name="SampleCode" valueType="text" entityType="Participant" index="0"/>
  <variable name="ConsentStatus" valueType="text" entityType="Participant" index="0"/>
  <variable name="DonorGender" valueType="text" entityType="Participant" index="0"/>
  <variable name="AgeDonor" valueType="text" entityType="Participant" index="0"/>
  <variable name="DonorDiagnosis" valueType="text" entityType="Participant" index="0"/>
  <variable name="SampleStatus" valueType="text" entityType="Participant" index="0"/>
  <variable name="SourceMaterial" valueType="text" entityType="Participant" index="0"/>
  <variable name="SampleDate" valueType="text" entityType="Participant" index="0"/>
  <variable name="BiologicalRisk" valueType="text" entityType="Participant" index="0"/>
  <variable name="Procedure" valueType="text" entityType="Participant" index="0"/>
  <variable name="SPREC_Specimen" valueType="text" entityType="Participant" index="0"/>
  <variable name="SPREC_PrimaryContainer" valueType="text" entityType="Participant" index="0"/>
  <variable name="SPREC_Storage" valueType="text" entityType="Participant" index="0"/>
  <variable name="SymptomsImage" valueType="binary" entityType="Participant" unit="" mimeType="image/jpeg" referencedEntityType="" index="0"/>
</variables>